,count,mean,std,min,25%,50%,75%,max
Entropy (bits),9689.0,59.430584167612764,31.038874034188815,3.32,41.36,52.72,65.55,157.31
Rules Score,9689.0,65.23067396016101,25.37977325657633,15.0,50.0,70.0,90.0,100.0
Length,9689.0,9.961812364537105,4.511956207754404,1.0,7.0,9.0,11.0,24.0
Pattern Score,9689.0,95.6006811848488,14.225838729662437,0.0,100.0,100.0,100.0,100.0
zxcvbn Score,9689.0,41.76643616472288,29.973482026580882,0.0,25.0,25.0,50.0,100.0
Hybrid Score,9689.0,57.9148518939003,22.440946342591715,15.0,44.0,55.0,70.0,100.0
